text_type,output_step,current_word,triplet_impacted,current_text,total_triplets,triplet_scores
vehicle,1,A,no,A,[],[]
vehicle,2,vehicle,no,A vehicle,[],[]
vehicle,3,registration,no,A vehicle registration,[],[]
vehicle,4,plate,no,A vehicle registration plate,[],[]
vehicle,5,is,no,A vehicle registration plate is,[],[]
vehicle,6,a,no,A vehicle registration plate is a,[],[]
vehicle,7,metal,no,A vehicle registration plate is a metal,[],[]
vehicle,8,or,no,A vehicle registration plate is a metal or,[],[]
vehicle,9,plastic,no,A vehicle registration plate is a metal or plastic,[],[]
vehicle,10,plate,no,A vehicle registration plate is a metal or plastic plate,[],[]
vehicle,11,attached,no,A vehicle registration plate is a metal or plastic plate attached,[],[]
vehicle,12,to,no,A vehicle registration plate is a metal or plastic plate attached to,[],[]
vehicle,13,a,no,A vehicle registration plate is a metal or plastic plate attached to a,[],[]
vehicle,14,vehicle,no,A vehicle registration plate is a metal or plastic plate attached to a vehicle,[],[]
vehicle,15,for,no,A vehicle registration plate is a metal or plastic plate attached to a vehicle for,[],[]
vehicle,16,official,no,A vehicle registration plate is a metal or plastic plate attached to a vehicle for official,[],[]
vehicle,17,identification,no,A vehicle registration plate is a metal or plastic plate attached to a vehicle for official identification,[],[]
vehicle,18,purposes.,no,A vehicle registration plate is a metal or plastic plate attached to a vehicle for official identification purposes.,[],[]
vehicle,19,All,no,A vehicle registration plate is a metal or plastic plate attached to a vehicle for official identification purposes. All,[],[]
vehicle,20,countries,no,A vehicle registration plate is a metal or plastic plate attached to a vehicle for official identification purposes. All countries,[],[]
vehicle,21,require,no,A vehicle registration plate is a metal or plastic plate attached to a vehicle for official identification purposes. All countries require,[],[]
vehicle,22,registration,no,A vehicle registration plate is a metal or plastic plate attached to a vehicle for official identification purposes. All countries require registration,[],[]
vehicle,23,plates,no,A vehicle registration plate is a metal or plastic plate attached to a vehicle for official identification purposes. All countries require registration plates,[],[]
vehicle,24,for,no,A vehicle registration plate is a metal or plastic plate attached to a vehicle for official identification purposes. All countries require registration plates for,[],[]
vehicle,25,road,no,A vehicle registration plate is a metal or plastic plate attached to a vehicle for official identification purposes. All countries require registration plates for road,[],[]
vehicle,26,vehicles,no,A vehicle registration plate is a metal or plastic plate attached to a vehicle for official identification purposes. All countries require registration plates for road vehicles,[],[]
vehicle,27,such,no,A vehicle registration plate is a metal or plastic plate attached to a vehicle for official identification purposes. All countries require registration plates for road vehicles such,[],[]
vehicle,28,as,no,A vehicle registration plate is a metal or plastic plate attached to a vehicle for official identification purposes. All countries require registration plates for road vehicles such as,[],[]
vehicle,29,"cars,",no,"A vehicle registration plate is a metal or plastic plate attached to a vehicle for official identification purposes. All countries require registration plates for road vehicles such as cars,",[],[]
vehicle,30,"trucks,",no,"A vehicle registration plate is a metal or plastic plate attached to a vehicle for official identification purposes. All countries require registration plates for road vehicles such as cars, trucks,",[],[]
vehicle,31,and,no,"A vehicle registration plate is a metal or plastic plate attached to a vehicle for official identification purposes. All countries require registration plates for road vehicles such as cars, trucks, and",[],[]
vehicle,32,motorcycles.,no,"A vehicle registration plate is a metal or plastic plate attached to a vehicle for official identification purposes. All countries require registration plates for road vehicles such as cars, trucks, and motorcycles.",[],[]
vehicle,33,Whether,no,"A vehicle registration plate is a metal or plastic plate attached to a vehicle for official identification purposes. All countries require registration plates for road vehicles such as cars, trucks, and motorcycles. Whether",[],[]
vehicle,34,they,no,"A vehicle registration plate is a metal or plastic plate attached to a vehicle for official identification purposes. All countries require registration plates for road vehicles such as cars, trucks, and motorcycles. Whether they",[],[]
vehicle,35,are,no,"A vehicle registration plate is a metal or plastic plate attached to a vehicle for official identification purposes. All countries require registration plates for road vehicles such as cars, trucks, and motorcycles. Whether they are",[],[]
vehicle,36,required,no,"A vehicle registration plate is a metal or plastic plate attached to a vehicle for official identification purposes. All countries require registration plates for road vehicles such as cars, trucks, and motorcycles. Whether they are required",[],[]
vehicle,37,for,no,"A vehicle registration plate is a metal or plastic plate attached to a vehicle for official identification purposes. All countries require registration plates for road vehicles such as cars, trucks, and motorcycles. Whether they are required for",[],[]
vehicle,38,other,no,"A vehicle registration plate is a metal or plastic plate attached to a vehicle for official identification purposes. All countries require registration plates for road vehicles such as cars, trucks, and motorcycles. Whether they are required for other",[],[]
vehicle,39,"vehicles,",no,"A vehicle registration plate is a metal or plastic plate attached to a vehicle for official identification purposes. All countries require registration plates for road vehicles such as cars, trucks, and motorcycles. Whether they are required for other vehicles,",[],[]
vehicle,40,such,no,"A vehicle registration plate is a metal or plastic plate attached to a vehicle for official identification purposes. All countries require registration plates for road vehicles such as cars, trucks, and motorcycles. Whether they are required for other vehicles, such",[],[]
vehicle,41,as,no,"A vehicle registration plate is a metal or plastic plate attached to a vehicle for official identification purposes. All countries require registration plates for road vehicles such as cars, trucks, and motorcycles. Whether they are required for other vehicles, such as",[],[]
vehicle,42,"bicycles,",no,"A vehicle registration plate is a metal or plastic plate attached to a vehicle for official identification purposes. All countries require registration plates for road vehicles such as cars, trucks, and motorcycles. Whether they are required for other vehicles, such as bicycles,",[],[]
vehicle,43,"boats,",no,"A vehicle registration plate is a metal or plastic plate attached to a vehicle for official identification purposes. All countries require registration plates for road vehicles such as cars, trucks, and motorcycles. Whether they are required for other vehicles, such as bicycles, boats,",[],[]
vehicle,44,or,no,"A vehicle registration plate is a metal or plastic plate attached to a vehicle for official identification purposes. All countries require registration plates for road vehicles such as cars, trucks, and motorcycles. Whether they are required for other vehicles, such as bicycles, boats, or",[],[]
vehicle,45,"tractors,",no,"A vehicle registration plate is a metal or plastic plate attached to a vehicle for official identification purposes. All countries require registration plates for road vehicles such as cars, trucks, and motorcycles. Whether they are required for other vehicles, such as bicycles, boats, or tractors,",[],[]
vehicle,46,may,no,"A vehicle registration plate is a metal or plastic plate attached to a vehicle for official identification purposes. All countries require registration plates for road vehicles such as cars, trucks, and motorcycles. Whether they are required for other vehicles, such as bicycles, boats, or tractors, may",[],[]
vehicle,47,vary,no,"A vehicle registration plate is a metal or plastic plate attached to a vehicle for official identification purposes. All countries require registration plates for road vehicles such as cars, trucks, and motorcycles. Whether they are required for other vehicles, such as bicycles, boats, or tractors, may vary",[],[]
vehicle,48,by,no,"A vehicle registration plate is a metal or plastic plate attached to a vehicle for official identification purposes. All countries require registration plates for road vehicles such as cars, trucks, and motorcycles. Whether they are required for other vehicles, such as bicycles, boats, or tractors, may vary by",[],[]
vehicle,49,jurisdiction.,yes,"A vehicle registration plate is a metal or plastic plate attached to a vehicle for official identification purposes. All countries require registration plates for road vehicles such as cars, trucks, and motorcycles. Whether they are required for other vehicles, such as bicycles, boats, or tractors, may vary by jurisdiction.","[('Vehicle registration plate | vehicle registration plate', 'part of', 'Motor vehicle registration | cars')]",[0.33000001311302185]
vehicle,50,The,yes,"A vehicle registration plate is a metal or plastic plate attached to a vehicle for official identification purposes. All countries require registration plates for road vehicles such as cars, trucks, and motorcycles. Whether they are required for other vehicles, such as bicycles, boats, or tractors, may vary by jurisdiction. The",[],[]
vehicle,51,registration,no,"A vehicle registration plate is a metal or plastic plate attached to a vehicle for official identification purposes. All countries require registration plates for road vehicles such as cars, trucks, and motorcycles. Whether they are required for other vehicles, such as bicycles, boats, or tractors, may vary by jurisdiction. The registration",[],[]
vehicle,52,identifier,no,"A vehicle registration plate is a metal or plastic plate attached to a vehicle for official identification purposes. All countries require registration plates for road vehicles such as cars, trucks, and motorcycles. Whether they are required for other vehicles, such as bicycles, boats, or tractors, may vary by jurisdiction. The registration identifier",[],[]
vehicle,53,is,no,"A vehicle registration plate is a metal or plastic plate attached to a vehicle for official identification purposes. All countries require registration plates for road vehicles such as cars, trucks, and motorcycles. Whether they are required for other vehicles, such as bicycles, boats, or tractors, may vary by jurisdiction. The registration identifier is",[],[]
vehicle,54,a,no,"A vehicle registration plate is a metal or plastic plate attached to a vehicle for official identification purposes. All countries require registration plates for road vehicles such as cars, trucks, and motorcycles. Whether they are required for other vehicles, such as bicycles, boats, or tractors, may vary by jurisdiction. The registration identifier is a",[],[]
vehicle,55,series,no,"A vehicle registration plate is a metal or plastic plate attached to a vehicle for official identification purposes. All countries require registration plates for road vehicles such as cars, trucks, and motorcycles. Whether they are required for other vehicles, such as bicycles, boats, or tractors, may vary by jurisdiction. The registration identifier is a series",[],[]
vehicle,56,of,no,"A vehicle registration plate is a metal or plastic plate attached to a vehicle for official identification purposes. All countries require registration plates for road vehicles such as cars, trucks, and motorcycles. Whether they are required for other vehicles, such as bicycles, boats, or tractors, may vary by jurisdiction. The registration identifier is a series of",[],[]
vehicle,57,letters,yes,"A vehicle registration plate is a metal or plastic plate attached to a vehicle for official identification purposes. All countries require registration plates for road vehicles such as cars, trucks, and motorcycles. Whether they are required for other vehicles, such as bicycles, boats, or tractors, may vary by jurisdiction. The registration identifier is a series of letters","[('Truck | trucks', 'subclass of', 'Motor vehicle registration | cars')]",[0.25999999046325684]
vehicle,58,and,yes,"A vehicle registration plate is a metal or plastic plate attached to a vehicle for official identification purposes. All countries require registration plates for road vehicles such as cars, trucks, and motorcycles. Whether they are required for other vehicles, such as bicycles, boats, or tractors, may vary by jurisdiction. The registration identifier is a series of letters and",[],[]
vehicle,59,digits,yes,"A vehicle registration plate is a metal or plastic plate attached to a vehicle for official identification purposes. All countries require registration plates for road vehicles such as cars, trucks, and motorcycles. Whether they are required for other vehicles, such as bicycles, boats, or tractors, may vary by jurisdiction. The registration identifier is a series of letters and digits","[('Truck | trucks', 'subclass of', 'Motor vehicle registration | cars')]",[0.3499999940395355]
vehicle,60,that,yes,"A vehicle registration plate is a metal or plastic plate attached to a vehicle for official identification purposes. All countries require registration plates for road vehicles such as cars, trucks, and motorcycles. Whether they are required for other vehicles, such as bicycles, boats, or tractors, may vary by jurisdiction. The registration identifier is a series of letters and digits that",[],[]
vehicle,61,uniquely,no,"A vehicle registration plate is a metal or plastic plate attached to a vehicle for official identification purposes. All countries require registration plates for road vehicles such as cars, trucks, and motorcycles. Whether they are required for other vehicles, such as bicycles, boats, or tractors, may vary by jurisdiction. The registration identifier is a series of letters and digits that uniquely",[],[]
vehicle,62,identifies,no,"A vehicle registration plate is a metal or plastic plate attached to a vehicle for official identification purposes. All countries require registration plates for road vehicles such as cars, trucks, and motorcycles. Whether they are required for other vehicles, such as bicycles, boats, or tractors, may vary by jurisdiction. The registration identifier is a series of letters and digits that uniquely identifies",[],[]
vehicle,63,the,no,"A vehicle registration plate is a metal or plastic plate attached to a vehicle for official identification purposes. All countries require registration plates for road vehicles such as cars, trucks, and motorcycles. Whether they are required for other vehicles, such as bicycles, boats, or tractors, may vary by jurisdiction. The registration identifier is a series of letters and digits that uniquely identifies the",[],[]
vehicle,64,vehicle,no,"A vehicle registration plate is a metal or plastic plate attached to a vehicle for official identification purposes. All countries require registration plates for road vehicles such as cars, trucks, and motorcycles. Whether they are required for other vehicles, such as bicycles, boats, or tractors, may vary by jurisdiction. The registration identifier is a series of letters and digits that uniquely identifies the vehicle",[],[]
vehicle,65,owner,no,"A vehicle registration plate is a metal or plastic plate attached to a vehicle for official identification purposes. All countries require registration plates for road vehicles such as cars, trucks, and motorcycles. Whether they are required for other vehicles, such as bicycles, boats, or tractors, may vary by jurisdiction. The registration identifier is a series of letters and digits that uniquely identifies the vehicle owner",[],[]
vehicle,66,within,no,"A vehicle registration plate is a metal or plastic plate attached to a vehicle for official identification purposes. All countries require registration plates for road vehicles such as cars, trucks, and motorcycles. Whether they are required for other vehicles, such as bicycles, boats, or tractors, may vary by jurisdiction. The registration identifier is a series of letters and digits that uniquely identifies the vehicle owner within",[],[]
vehicle,67,the,no,"A vehicle registration plate is a metal or plastic plate attached to a vehicle for official identification purposes. All countries require registration plates for road vehicles such as cars, trucks, and motorcycles. Whether they are required for other vehicles, such as bicycles, boats, or tractors, may vary by jurisdiction. The registration identifier is a series of letters and digits that uniquely identifies the vehicle owner within the",[],[]
vehicle,68,issuing,no,"A vehicle registration plate is a metal or plastic plate attached to a vehicle for official identification purposes. All countries require registration plates for road vehicles such as cars, trucks, and motorcycles. Whether they are required for other vehicles, such as bicycles, boats, or tractors, may vary by jurisdiction. The registration identifier is a series of letters and digits that uniquely identifies the vehicle owner within the issuing",[],[]
vehicle,69,region's,no,"A vehicle registration plate is a metal or plastic plate attached to a vehicle for official identification purposes. All countries require registration plates for road vehicles such as cars, trucks, and motorcycles. Whether they are required for other vehicles, such as bicycles, boats, or tractors, may vary by jurisdiction. The registration identifier is a series of letters and digits that uniquely identifies the vehicle owner within the issuing region's",[],[]
vehicle,70,vehicle,no,"A vehicle registration plate is a metal or plastic plate attached to a vehicle for official identification purposes. All countries require registration plates for road vehicles such as cars, trucks, and motorcycles. Whether they are required for other vehicles, such as bicycles, boats, or tractors, may vary by jurisdiction. The registration identifier is a series of letters and digits that uniquely identifies the vehicle owner within the issuing region's vehicle",[],[]
vehicle,71,register.,no,"A vehicle registration plate is a metal or plastic plate attached to a vehicle for official identification purposes. All countries require registration plates for road vehicles such as cars, trucks, and motorcycles. Whether they are required for other vehicles, such as bicycles, boats, or tractors, may vary by jurisdiction. The registration identifier is a series of letters and digits that uniquely identifies the vehicle owner within the issuing region's vehicle register.",[],[]
vehicle,72,In,no,"A vehicle registration plate is a metal or plastic plate attached to a vehicle for official identification purposes. All countries require registration plates for road vehicles such as cars, trucks, and motorcycles. Whether they are required for other vehicles, such as bicycles, boats, or tractors, may vary by jurisdiction. The registration identifier is a series of letters and digits that uniquely identifies the vehicle owner within the issuing region's vehicle register. In",[],[]
vehicle,73,some,no,"A vehicle registration plate is a metal or plastic plate attached to a vehicle for official identification purposes. All countries require registration plates for road vehicles such as cars, trucks, and motorcycles. Whether they are required for other vehicles, such as bicycles, boats, or tractors, may vary by jurisdiction. The registration identifier is a series of letters and digits that uniquely identifies the vehicle owner within the issuing region's vehicle register. In some",[],[]
vehicle,74,"countries,",no,"A vehicle registration plate is a metal or plastic plate attached to a vehicle for official identification purposes. All countries require registration plates for road vehicles such as cars, trucks, and motorcycles. Whether they are required for other vehicles, such as bicycles, boats, or tractors, may vary by jurisdiction. The registration identifier is a series of letters and digits that uniquely identifies the vehicle owner within the issuing region's vehicle register. In some countries,",[],[]
vehicle,75,the,no,"A vehicle registration plate is a metal or plastic plate attached to a vehicle for official identification purposes. All countries require registration plates for road vehicles such as cars, trucks, and motorcycles. Whether they are required for other vehicles, such as bicycles, boats, or tractors, may vary by jurisdiction. The registration identifier is a series of letters and digits that uniquely identifies the vehicle owner within the issuing region's vehicle register. In some countries, the",[],[]
vehicle,76,identifier,no,"A vehicle registration plate is a metal or plastic plate attached to a vehicle for official identification purposes. All countries require registration plates for road vehicles such as cars, trucks, and motorcycles. Whether they are required for other vehicles, such as bicycles, boats, or tractors, may vary by jurisdiction. The registration identifier is a series of letters and digits that uniquely identifies the vehicle owner within the issuing region's vehicle register. In some countries, the identifier",[],[]
vehicle,77,is,no,"A vehicle registration plate is a metal or plastic plate attached to a vehicle for official identification purposes. All countries require registration plates for road vehicles such as cars, trucks, and motorcycles. Whether they are required for other vehicles, such as bicycles, boats, or tractors, may vary by jurisdiction. The registration identifier is a series of letters and digits that uniquely identifies the vehicle owner within the issuing region's vehicle register. In some countries, the identifier is",[],[]
vehicle,78,unique,no,"A vehicle registration plate is a metal or plastic plate attached to a vehicle for official identification purposes. All countries require registration plates for road vehicles such as cars, trucks, and motorcycles. Whether they are required for other vehicles, such as bicycles, boats, or tractors, may vary by jurisdiction. The registration identifier is a series of letters and digits that uniquely identifies the vehicle owner within the issuing region's vehicle register. In some countries, the identifier is unique",[],[]
vehicle,79,within,no,"A vehicle registration plate is a metal or plastic plate attached to a vehicle for official identification purposes. All countries require registration plates for road vehicles such as cars, trucks, and motorcycles. Whether they are required for other vehicles, such as bicycles, boats, or tractors, may vary by jurisdiction. The registration identifier is a series of letters and digits that uniquely identifies the vehicle owner within the issuing region's vehicle register. In some countries, the identifier is unique within",[],[]
vehicle,80,the,no,"A vehicle registration plate is a metal or plastic plate attached to a vehicle for official identification purposes. All countries require registration plates for road vehicles such as cars, trucks, and motorcycles. Whether they are required for other vehicles, such as bicycles, boats, or tractors, may vary by jurisdiction. The registration identifier is a series of letters and digits that uniquely identifies the vehicle owner within the issuing region's vehicle register. In some countries, the identifier is unique within the",[],[]
vehicle,81,entire,no,"A vehicle registration plate is a metal or plastic plate attached to a vehicle for official identification purposes. All countries require registration plates for road vehicles such as cars, trucks, and motorcycles. Whether they are required for other vehicles, such as bicycles, boats, or tractors, may vary by jurisdiction. The registration identifier is a series of letters and digits that uniquely identifies the vehicle owner within the issuing region's vehicle register. In some countries, the identifier is unique within the entire",[],[]
vehicle,82,"country,",no,"A vehicle registration plate is a metal or plastic plate attached to a vehicle for official identification purposes. All countries require registration plates for road vehicles such as cars, trucks, and motorcycles. Whether they are required for other vehicles, such as bicycles, boats, or tractors, may vary by jurisdiction. The registration identifier is a series of letters and digits that uniquely identifies the vehicle owner within the issuing region's vehicle register. In some countries, the identifier is unique within the entire country,",[],[]
vehicle,83,while,no,"A vehicle registration plate is a metal or plastic plate attached to a vehicle for official identification purposes. All countries require registration plates for road vehicles such as cars, trucks, and motorcycles. Whether they are required for other vehicles, such as bicycles, boats, or tractors, may vary by jurisdiction. The registration identifier is a series of letters and digits that uniquely identifies the vehicle owner within the issuing region's vehicle register. In some countries, the identifier is unique within the entire country, while",[],[]
vehicle,84,in,no,"A vehicle registration plate is a metal or plastic plate attached to a vehicle for official identification purposes. All countries require registration plates for road vehicles such as cars, trucks, and motorcycles. Whether they are required for other vehicles, such as bicycles, boats, or tractors, may vary by jurisdiction. The registration identifier is a series of letters and digits that uniquely identifies the vehicle owner within the issuing region's vehicle register. In some countries, the identifier is unique within the entire country, while in",[],[]
vehicle,85,others,no,"A vehicle registration plate is a metal or plastic plate attached to a vehicle for official identification purposes. All countries require registration plates for road vehicles such as cars, trucks, and motorcycles. Whether they are required for other vehicles, such as bicycles, boats, or tractors, may vary by jurisdiction. The registration identifier is a series of letters and digits that uniquely identifies the vehicle owner within the issuing region's vehicle register. In some countries, the identifier is unique within the entire country, while in others",[],[]
vehicle,86,it,no,"A vehicle registration plate is a metal or plastic plate attached to a vehicle for official identification purposes. All countries require registration plates for road vehicles such as cars, trucks, and motorcycles. Whether they are required for other vehicles, such as bicycles, boats, or tractors, may vary by jurisdiction. The registration identifier is a series of letters and digits that uniquely identifies the vehicle owner within the issuing region's vehicle register. In some countries, the identifier is unique within the entire country, while in others it",[],[]
vehicle,87,is,no,"A vehicle registration plate is a metal or plastic plate attached to a vehicle for official identification purposes. All countries require registration plates for road vehicles such as cars, trucks, and motorcycles. Whether they are required for other vehicles, such as bicycles, boats, or tractors, may vary by jurisdiction. The registration identifier is a series of letters and digits that uniquely identifies the vehicle owner within the issuing region's vehicle register. In some countries, the identifier is unique within the entire country, while in others it is",[],[]
vehicle,88,unique,no,"A vehicle registration plate is a metal or plastic plate attached to a vehicle for official identification purposes. All countries require registration plates for road vehicles such as cars, trucks, and motorcycles. Whether they are required for other vehicles, such as bicycles, boats, or tractors, may vary by jurisdiction. The registration identifier is a series of letters and digits that uniquely identifies the vehicle owner within the issuing region's vehicle register. In some countries, the identifier is unique within the entire country, while in others it is unique",[],[]
vehicle,89,within,no,"A vehicle registration plate is a metal or plastic plate attached to a vehicle for official identification purposes. All countries require registration plates for road vehicles such as cars, trucks, and motorcycles. Whether they are required for other vehicles, such as bicycles, boats, or tractors, may vary by jurisdiction. The registration identifier is a series of letters and digits that uniquely identifies the vehicle owner within the issuing region's vehicle register. In some countries, the identifier is unique within the entire country, while in others it is unique within",[],[]
vehicle,90,a,no,"A vehicle registration plate is a metal or plastic plate attached to a vehicle for official identification purposes. All countries require registration plates for road vehicles such as cars, trucks, and motorcycles. Whether they are required for other vehicles, such as bicycles, boats, or tractors, may vary by jurisdiction. The registration identifier is a series of letters and digits that uniquely identifies the vehicle owner within the issuing region's vehicle register. In some countries, the identifier is unique within the entire country, while in others it is unique within a",[],[]
vehicle,91,state,no,"A vehicle registration plate is a metal or plastic plate attached to a vehicle for official identification purposes. All countries require registration plates for road vehicles such as cars, trucks, and motorcycles. Whether they are required for other vehicles, such as bicycles, boats, or tractors, may vary by jurisdiction. The registration identifier is a series of letters and digits that uniquely identifies the vehicle owner within the issuing region's vehicle register. In some countries, the identifier is unique within the entire country, while in others it is unique within a state",[],[]
vehicle,92,or,no,"A vehicle registration plate is a metal or plastic plate attached to a vehicle for official identification purposes. All countries require registration plates for road vehicles such as cars, trucks, and motorcycles. Whether they are required for other vehicles, such as bicycles, boats, or tractors, may vary by jurisdiction. The registration identifier is a series of letters and digits that uniquely identifies the vehicle owner within the issuing region's vehicle register. In some countries, the identifier is unique within the entire country, while in others it is unique within a state or",[],[]
vehicle,93,province.,no,"A vehicle registration plate is a metal or plastic plate attached to a vehicle for official identification purposes. All countries require registration plates for road vehicles such as cars, trucks, and motorcycles. Whether they are required for other vehicles, such as bicycles, boats, or tractors, may vary by jurisdiction. The registration identifier is a series of letters and digits that uniquely identifies the vehicle owner within the issuing region's vehicle register. In some countries, the identifier is unique within the entire country, while in others it is unique within a state or province.",[],[]
vehicle,94,France,no,"A vehicle registration plate is a metal or plastic plate attached to a vehicle for official identification purposes. All countries require registration plates for road vehicles such as cars, trucks, and motorcycles. Whether they are required for other vehicles, such as bicycles, boats, or tractors, may vary by jurisdiction. The registration identifier is a series of letters and digits that uniquely identifies the vehicle owner within the issuing region's vehicle register. In some countries, the identifier is unique within the entire country, while in others it is unique within a state or province. France",[],[]
vehicle,95,was,no,"A vehicle registration plate is a metal or plastic plate attached to a vehicle for official identification purposes. All countries require registration plates for road vehicles such as cars, trucks, and motorcycles. Whether they are required for other vehicles, such as bicycles, boats, or tractors, may vary by jurisdiction. The registration identifier is a series of letters and digits that uniquely identifies the vehicle owner within the issuing region's vehicle register. In some countries, the identifier is unique within the entire country, while in others it is unique within a state or province. France was",[],[]
vehicle,96,the,no,"A vehicle registration plate is a metal or plastic plate attached to a vehicle for official identification purposes. All countries require registration plates for road vehicles such as cars, trucks, and motorcycles. Whether they are required for other vehicles, such as bicycles, boats, or tractors, may vary by jurisdiction. The registration identifier is a series of letters and digits that uniquely identifies the vehicle owner within the issuing region's vehicle register. In some countries, the identifier is unique within the entire country, while in others it is unique within a state or province. France was the",[],[]
vehicle,97,first,no,"A vehicle registration plate is a metal or plastic plate attached to a vehicle for official identification purposes. All countries require registration plates for road vehicles such as cars, trucks, and motorcycles. Whether they are required for other vehicles, such as bicycles, boats, or tractors, may vary by jurisdiction. The registration identifier is a series of letters and digits that uniquely identifies the vehicle owner within the issuing region's vehicle register. In some countries, the identifier is unique within the entire country, while in others it is unique within a state or province. France was the first",[],[]
vehicle,98,country,no,"A vehicle registration plate is a metal or plastic plate attached to a vehicle for official identification purposes. All countries require registration plates for road vehicles such as cars, trucks, and motorcycles. Whether they are required for other vehicles, such as bicycles, boats, or tractors, may vary by jurisdiction. The registration identifier is a series of letters and digits that uniquely identifies the vehicle owner within the issuing region's vehicle register. In some countries, the identifier is unique within the entire country, while in others it is unique within a state or province. France was the first country",[],[]
vehicle,99,to,no,"A vehicle registration plate is a metal or plastic plate attached to a vehicle for official identification purposes. All countries require registration plates for road vehicles such as cars, trucks, and motorcycles. Whether they are required for other vehicles, such as bicycles, boats, or tractors, may vary by jurisdiction. The registration identifier is a series of letters and digits that uniquely identifies the vehicle owner within the issuing region's vehicle register. In some countries, the identifier is unique within the entire country, while in others it is unique within a state or province. France was the first country to",[],[]
vehicle,100,introduce,no,"A vehicle registration plate is a metal or plastic plate attached to a vehicle for official identification purposes. All countries require registration plates for road vehicles such as cars, trucks, and motorcycles. Whether they are required for other vehicles, such as bicycles, boats, or tractors, may vary by jurisdiction. The registration identifier is a series of letters and digits that uniquely identifies the vehicle owner within the issuing region's vehicle register. In some countries, the identifier is unique within the entire country, while in others it is unique within a state or province. France was the first country to introduce",[],[]
vehicle,101,the,no,"A vehicle registration plate is a metal or plastic plate attached to a vehicle for official identification purposes. All countries require registration plates for road vehicles such as cars, trucks, and motorcycles. Whether they are required for other vehicles, such as bicycles, boats, or tractors, may vary by jurisdiction. The registration identifier is a series of letters and digits that uniquely identifies the vehicle owner within the issuing region's vehicle register. In some countries, the identifier is unique within the entire country, while in others it is unique within a state or province. France was the first country to introduce the",[],[]
vehicle,102,registration,no,"A vehicle registration plate is a metal or plastic plate attached to a vehicle for official identification purposes. All countries require registration plates for road vehicles such as cars, trucks, and motorcycles. Whether they are required for other vehicles, such as bicycles, boats, or tractors, may vary by jurisdiction. The registration identifier is a series of letters and digits that uniquely identifies the vehicle owner within the issuing region's vehicle register. In some countries, the identifier is unique within the entire country, while in others it is unique within a state or province. France was the first country to introduce the registration",[],[]
vehicle,103,"plate,",no,"A vehicle registration plate is a metal or plastic plate attached to a vehicle for official identification purposes. All countries require registration plates for road vehicles such as cars, trucks, and motorcycles. Whether they are required for other vehicles, such as bicycles, boats, or tractors, may vary by jurisdiction. The registration identifier is a series of letters and digits that uniquely identifies the vehicle owner within the issuing region's vehicle register. In some countries, the identifier is unique within the entire country, while in others it is unique within a state or province. France was the first country to introduce the registration plate,",[],[]
vehicle,104,in,no,"A vehicle registration plate is a metal or plastic plate attached to a vehicle for official identification purposes. All countries require registration plates for road vehicles such as cars, trucks, and motorcycles. Whether they are required for other vehicles, such as bicycles, boats, or tractors, may vary by jurisdiction. The registration identifier is a series of letters and digits that uniquely identifies the vehicle owner within the issuing region's vehicle register. In some countries, the identifier is unique within the entire country, while in others it is unique within a state or province. France was the first country to introduce the registration plate, in",[],[]
vehicle,105,the,no,"A vehicle registration plate is a metal or plastic plate attached to a vehicle for official identification purposes. All countries require registration plates for road vehicles such as cars, trucks, and motorcycles. Whether they are required for other vehicles, such as bicycles, boats, or tractors, may vary by jurisdiction. The registration identifier is a series of letters and digits that uniquely identifies the vehicle owner within the issuing region's vehicle register. In some countries, the identifier is unique within the entire country, while in others it is unique within a state or province. France was the first country to introduce the registration plate, in the",[],[]
vehicle,106,late,no,"A vehicle registration plate is a metal or plastic plate attached to a vehicle for official identification purposes. All countries require registration plates for road vehicles such as cars, trucks, and motorcycles. Whether they are required for other vehicles, such as bicycles, boats, or tractors, may vary by jurisdiction. The registration identifier is a series of letters and digits that uniquely identifies the vehicle owner within the issuing region's vehicle register. In some countries, the identifier is unique within the entire country, while in others it is unique within a state or province. France was the first country to introduce the registration plate, in the late",[],[]
vehicle,107,nineteenth,no,"A vehicle registration plate is a metal or plastic plate attached to a vehicle for official identification purposes. All countries require registration plates for road vehicles such as cars, trucks, and motorcycles. Whether they are required for other vehicles, such as bicycles, boats, or tractors, may vary by jurisdiction. The registration identifier is a series of letters and digits that uniquely identifies the vehicle owner within the issuing region's vehicle register. In some countries, the identifier is unique within the entire country, while in others it is unique within a state or province. France was the first country to introduce the registration plate, in the late nineteenth",[],[]
vehicle,108,century.,no,"A vehicle registration plate is a metal or plastic plate attached to a vehicle for official identification purposes. All countries require registration plates for road vehicles such as cars, trucks, and motorcycles. Whether they are required for other vehicles, such as bicycles, boats, or tractors, may vary by jurisdiction. The registration identifier is a series of letters and digits that uniquely identifies the vehicle owner within the issuing region's vehicle register. In some countries, the identifier is unique within the entire country, while in others it is unique within a state or province. France was the first country to introduce the registration plate, in the late nineteenth century.",[],[]
vehicle,109,Early,no,"A vehicle registration plate is a metal or plastic plate attached to a vehicle for official identification purposes. All countries require registration plates for road vehicles such as cars, trucks, and motorcycles. Whether they are required for other vehicles, such as bicycles, boats, or tractors, may vary by jurisdiction. The registration identifier is a series of letters and digits that uniquely identifies the vehicle owner within the issuing region's vehicle register. In some countries, the identifier is unique within the entire country, while in others it is unique within a state or province. France was the first country to introduce the registration plate, in the late nineteenth century. Early",[],[]
vehicle,110,twentieth,no,"A vehicle registration plate is a metal or plastic plate attached to a vehicle for official identification purposes. All countries require registration plates for road vehicles such as cars, trucks, and motorcycles. Whether they are required for other vehicles, such as bicycles, boats, or tractors, may vary by jurisdiction. The registration identifier is a series of letters and digits that uniquely identifies the vehicle owner within the issuing region's vehicle register. In some countries, the identifier is unique within the entire country, while in others it is unique within a state or province. France was the first country to introduce the registration plate, in the late nineteenth century. Early twentieth",[],[]
vehicle,111,century,no,"A vehicle registration plate is a metal or plastic plate attached to a vehicle for official identification purposes. All countries require registration plates for road vehicles such as cars, trucks, and motorcycles. Whether they are required for other vehicles, such as bicycles, boats, or tractors, may vary by jurisdiction. The registration identifier is a series of letters and digits that uniquely identifies the vehicle owner within the issuing region's vehicle register. In some countries, the identifier is unique within the entire country, while in others it is unique within a state or province. France was the first country to introduce the registration plate, in the late nineteenth century. Early twentieth century",[],[]
vehicle,112,plates,no,"A vehicle registration plate is a metal or plastic plate attached to a vehicle for official identification purposes. All countries require registration plates for road vehicles such as cars, trucks, and motorcycles. Whether they are required for other vehicles, such as bicycles, boats, or tractors, may vary by jurisdiction. The registration identifier is a series of letters and digits that uniquely identifies the vehicle owner within the issuing region's vehicle register. In some countries, the identifier is unique within the entire country, while in others it is unique within a state or province. France was the first country to introduce the registration plate, in the late nineteenth century. Early twentieth century plates",[],[]
vehicle,113,varied,no,"A vehicle registration plate is a metal or plastic plate attached to a vehicle for official identification purposes. All countries require registration plates for road vehicles such as cars, trucks, and motorcycles. Whether they are required for other vehicles, such as bicycles, boats, or tractors, may vary by jurisdiction. The registration identifier is a series of letters and digits that uniquely identifies the vehicle owner within the issuing region's vehicle register. In some countries, the identifier is unique within the entire country, while in others it is unique within a state or province. France was the first country to introduce the registration plate, in the late nineteenth century. Early twentieth century plates varied",[],[]
vehicle,114,in,no,"A vehicle registration plate is a metal or plastic plate attached to a vehicle for official identification purposes. All countries require registration plates for road vehicles such as cars, trucks, and motorcycles. Whether they are required for other vehicles, such as bicycles, boats, or tractors, may vary by jurisdiction. The registration identifier is a series of letters and digits that uniquely identifies the vehicle owner within the issuing region's vehicle register. In some countries, the identifier is unique within the entire country, while in others it is unique within a state or province. France was the first country to introduce the registration plate, in the late nineteenth century. Early twentieth century plates varied in",[],[]
vehicle,115,size,no,"A vehicle registration plate is a metal or plastic plate attached to a vehicle for official identification purposes. All countries require registration plates for road vehicles such as cars, trucks, and motorcycles. Whether they are required for other vehicles, such as bicycles, boats, or tractors, may vary by jurisdiction. The registration identifier is a series of letters and digits that uniquely identifies the vehicle owner within the issuing region's vehicle register. In some countries, the identifier is unique within the entire country, while in others it is unique within a state or province. France was the first country to introduce the registration plate, in the late nineteenth century. Early twentieth century plates varied in size",[],[]
vehicle,116,and,no,"A vehicle registration plate is a metal or plastic plate attached to a vehicle for official identification purposes. All countries require registration plates for road vehicles such as cars, trucks, and motorcycles. Whether they are required for other vehicles, such as bicycles, boats, or tractors, may vary by jurisdiction. The registration identifier is a series of letters and digits that uniquely identifies the vehicle owner within the issuing region's vehicle register. In some countries, the identifier is unique within the entire country, while in others it is unique within a state or province. France was the first country to introduce the registration plate, in the late nineteenth century. Early twentieth century plates varied in size and",[],[]
vehicle,117,shape,no,"A vehicle registration plate is a metal or plastic plate attached to a vehicle for official identification purposes. All countries require registration plates for road vehicles such as cars, trucks, and motorcycles. Whether they are required for other vehicles, such as bicycles, boats, or tractors, may vary by jurisdiction. The registration identifier is a series of letters and digits that uniquely identifies the vehicle owner within the issuing region's vehicle register. In some countries, the identifier is unique within the entire country, while in others it is unique within a state or province. France was the first country to introduce the registration plate, in the late nineteenth century. Early twentieth century plates varied in size and shape",[],[]
vehicle,118,from,no,"A vehicle registration plate is a metal or plastic plate attached to a vehicle for official identification purposes. All countries require registration plates for road vehicles such as cars, trucks, and motorcycles. Whether they are required for other vehicles, such as bicycles, boats, or tractors, may vary by jurisdiction. The registration identifier is a series of letters and digits that uniquely identifies the vehicle owner within the issuing region's vehicle register. In some countries, the identifier is unique within the entire country, while in others it is unique within a state or province. France was the first country to introduce the registration plate, in the late nineteenth century. Early twentieth century plates varied in size and shape from",[],[]
vehicle,119,one,no,"A vehicle registration plate is a metal or plastic plate attached to a vehicle for official identification purposes. All countries require registration plates for road vehicles such as cars, trucks, and motorcycles. Whether they are required for other vehicles, such as bicycles, boats, or tractors, may vary by jurisdiction. The registration identifier is a series of letters and digits that uniquely identifies the vehicle owner within the issuing region's vehicle register. In some countries, the identifier is unique within the entire country, while in others it is unique within a state or province. France was the first country to introduce the registration plate, in the late nineteenth century. Early twentieth century plates varied in size and shape from one",[],[]
vehicle,120,jurisdiction,no,"A vehicle registration plate is a metal or plastic plate attached to a vehicle for official identification purposes. All countries require registration plates for road vehicles such as cars, trucks, and motorcycles. Whether they are required for other vehicles, such as bicycles, boats, or tractors, may vary by jurisdiction. The registration identifier is a series of letters and digits that uniquely identifies the vehicle owner within the issuing region's vehicle register. In some countries, the identifier is unique within the entire country, while in others it is unique within a state or province. France was the first country to introduce the registration plate, in the late nineteenth century. Early twentieth century plates varied in size and shape from one jurisdiction",[],[]
vehicle,121,to,yes,"A vehicle registration plate is a metal or plastic plate attached to a vehicle for official identification purposes. All countries require registration plates for road vehicles such as cars, trucks, and motorcycles. Whether they are required for other vehicles, such as bicycles, boats, or tractors, may vary by jurisdiction. The registration identifier is a series of letters and digits that uniquely identifies the vehicle owner within the issuing region's vehicle register. In some countries, the identifier is unique within the entire country, while in others it is unique within a state or province. France was the first country to introduce the registration plate, in the late nineteenth century. Early twentieth century plates varied in size and shape from one jurisdiction to","[('France | the first country to introduce the registration plate', 'country', 'France')]",[0.27000001072883606]
vehicle,122,the,no,"A vehicle registration plate is a metal or plastic plate attached to a vehicle for official identification purposes. All countries require registration plates for road vehicles such as cars, trucks, and motorcycles. Whether they are required for other vehicles, such as bicycles, boats, or tractors, may vary by jurisdiction. The registration identifier is a series of letters and digits that uniquely identifies the vehicle owner within the issuing region's vehicle register. In some countries, the identifier is unique within the entire country, while in others it is unique within a state or province. France was the first country to introduce the registration plate, in the late nineteenth century. Early twentieth century plates varied in size and shape from one jurisdiction to the","[('France | the first country to introduce the registration plate', 'country', 'France')]",[0.12999999523162842]
vehicle,123,"next,",yes,"A vehicle registration plate is a metal or plastic plate attached to a vehicle for official identification purposes. All countries require registration plates for road vehicles such as cars, trucks, and motorcycles. Whether they are required for other vehicles, such as bicycles, boats, or tractors, may vary by jurisdiction. The registration identifier is a series of letters and digits that uniquely identifies the vehicle owner within the issuing region's vehicle register. In some countries, the identifier is unique within the entire country, while in others it is unique within a state or province. France was the first country to introduce the registration plate, in the late nineteenth century. Early twentieth century plates varied in size and shape from one jurisdiction to the next,","[('France', 'country', 'France | the first country to introduce the registration plate')]",[0.6899999976158142]
vehicle,124,such,yes,"A vehicle registration plate is a metal or plastic plate attached to a vehicle for official identification purposes. All countries require registration plates for road vehicles such as cars, trucks, and motorcycles. Whether they are required for other vehicles, such as bicycles, boats, or tractors, may vary by jurisdiction. The registration identifier is a series of letters and digits that uniquely identifies the vehicle owner within the issuing region's vehicle register. In some countries, the identifier is unique within the entire country, while in others it is unique within a state or province. France was the first country to introduce the registration plate, in the late nineteenth century. Early twentieth century plates varied in size and shape from one jurisdiction to the next, such",[],[]
vehicle,125,that,no,"A vehicle registration plate is a metal or plastic plate attached to a vehicle for official identification purposes. All countries require registration plates for road vehicles such as cars, trucks, and motorcycles. Whether they are required for other vehicles, such as bicycles, boats, or tractors, may vary by jurisdiction. The registration identifier is a series of letters and digits that uniquely identifies the vehicle owner within the issuing region's vehicle register. In some countries, the identifier is unique within the entire country, while in others it is unique within a state or province. France was the first country to introduce the registration plate, in the late nineteenth century. Early twentieth century plates varied in size and shape from one jurisdiction to the next, such that",[],[]
vehicle,126,if,no,"A vehicle registration plate is a metal or plastic plate attached to a vehicle for official identification purposes. All countries require registration plates for road vehicles such as cars, trucks, and motorcycles. Whether they are required for other vehicles, such as bicycles, boats, or tractors, may vary by jurisdiction. The registration identifier is a series of letters and digits that uniquely identifies the vehicle owner within the issuing region's vehicle register. In some countries, the identifier is unique within the entire country, while in others it is unique within a state or province. France was the first country to introduce the registration plate, in the late nineteenth century. Early twentieth century plates varied in size and shape from one jurisdiction to the next, such that if",[],[]
vehicle,127,a,no,"A vehicle registration plate is a metal or plastic plate attached to a vehicle for official identification purposes. All countries require registration plates for road vehicles such as cars, trucks, and motorcycles. Whether they are required for other vehicles, such as bicycles, boats, or tractors, may vary by jurisdiction. The registration identifier is a series of letters and digits that uniquely identifies the vehicle owner within the issuing region's vehicle register. In some countries, the identifier is unique within the entire country, while in others it is unique within a state or province. France was the first country to introduce the registration plate, in the late nineteenth century. Early twentieth century plates varied in size and shape from one jurisdiction to the next, such that if a",[],[]
vehicle,128,person,no,"A vehicle registration plate is a metal or plastic plate attached to a vehicle for official identification purposes. All countries require registration plates for road vehicles such as cars, trucks, and motorcycles. Whether they are required for other vehicles, such as bicycles, boats, or tractors, may vary by jurisdiction. The registration identifier is a series of letters and digits that uniquely identifies the vehicle owner within the issuing region's vehicle register. In some countries, the identifier is unique within the entire country, while in others it is unique within a state or province. France was the first country to introduce the registration plate, in the late nineteenth century. Early twentieth century plates varied in size and shape from one jurisdiction to the next, such that if a person",[],[]
vehicle,129,"moved,",no,"A vehicle registration plate is a metal or plastic plate attached to a vehicle for official identification purposes. All countries require registration plates for road vehicles such as cars, trucks, and motorcycles. Whether they are required for other vehicles, such as bicycles, boats, or tractors, may vary by jurisdiction. The registration identifier is a series of letters and digits that uniquely identifies the vehicle owner within the issuing region's vehicle register. In some countries, the identifier is unique within the entire country, while in others it is unique within a state or province. France was the first country to introduce the registration plate, in the late nineteenth century. Early twentieth century plates varied in size and shape from one jurisdiction to the next, such that if a person moved,",[],[]
vehicle,130,new,no,"A vehicle registration plate is a metal or plastic plate attached to a vehicle for official identification purposes. All countries require registration plates for road vehicles such as cars, trucks, and motorcycles. Whether they are required for other vehicles, such as bicycles, boats, or tractors, may vary by jurisdiction. The registration identifier is a series of letters and digits that uniquely identifies the vehicle owner within the issuing region's vehicle register. In some countries, the identifier is unique within the entire country, while in others it is unique within a state or province. France was the first country to introduce the registration plate, in the late nineteenth century. Early twentieth century plates varied in size and shape from one jurisdiction to the next, such that if a person moved, new",[],[]
vehicle,131,holes,yes,"A vehicle registration plate is a metal or plastic plate attached to a vehicle for official identification purposes. All countries require registration plates for road vehicles such as cars, trucks, and motorcycles. Whether they are required for other vehicles, such as bicycles, boats, or tractors, may vary by jurisdiction. The registration identifier is a series of letters and digits that uniquely identifies the vehicle owner within the issuing region's vehicle register. In some countries, the identifier is unique within the entire country, while in others it is unique within a state or province. France was the first country to introduce the registration plate, in the late nineteenth century. Early twentieth century plates varied in size and shape from one jurisdiction to the next, such that if a person moved, new holes","[('Vehicle registration plates of France | France', 'facet of', 'Vehicle registration plates of France | the first country to introduce the registration plate')]",[0.10999999940395355]
vehicle,132,would,yes,"A vehicle registration plate is a metal or plastic plate attached to a vehicle for official identification purposes. All countries require registration plates for road vehicles such as cars, trucks, and motorcycles. Whether they are required for other vehicles, such as bicycles, boats, or tractors, may vary by jurisdiction. The registration identifier is a series of letters and digits that uniquely identifies the vehicle owner within the issuing region's vehicle register. In some countries, the identifier is unique within the entire country, while in others it is unique within a state or province. France was the first country to introduce the registration plate, in the late nineteenth century. Early twentieth century plates varied in size and shape from one jurisdiction to the next, such that if a person moved, new holes would","[('France', 'country', 'France | the first country to introduce the registration plate')]",[0.38999998569488525]
vehicle,133,need,yes,"A vehicle registration plate is a metal or plastic plate attached to a vehicle for official identification purposes. All countries require registration plates for road vehicles such as cars, trucks, and motorcycles. Whether they are required for other vehicles, such as bicycles, boats, or tractors, may vary by jurisdiction. The registration identifier is a series of letters and digits that uniquely identifies the vehicle owner within the issuing region's vehicle register. In some countries, the identifier is unique within the entire country, while in others it is unique within a state or province. France was the first country to introduce the registration plate, in the late nineteenth century. Early twentieth century plates varied in size and shape from one jurisdiction to the next, such that if a person moved, new holes would need",[],[]
vehicle,134,to,no,"A vehicle registration plate is a metal or plastic plate attached to a vehicle for official identification purposes. All countries require registration plates for road vehicles such as cars, trucks, and motorcycles. Whether they are required for other vehicles, such as bicycles, boats, or tractors, may vary by jurisdiction. The registration identifier is a series of letters and digits that uniquely identifies the vehicle owner within the issuing region's vehicle register. In some countries, the identifier is unique within the entire country, while in others it is unique within a state or province. France was the first country to introduce the registration plate, in the late nineteenth century. Early twentieth century plates varied in size and shape from one jurisdiction to the next, such that if a person moved, new holes would need to",[],[]
vehicle,135,be,no,"A vehicle registration plate is a metal or plastic plate attached to a vehicle for official identification purposes. All countries require registration plates for road vehicles such as cars, trucks, and motorcycles. Whether they are required for other vehicles, such as bicycles, boats, or tractors, may vary by jurisdiction. The registration identifier is a series of letters and digits that uniquely identifies the vehicle owner within the issuing region's vehicle register. In some countries, the identifier is unique within the entire country, while in others it is unique within a state or province. France was the first country to introduce the registration plate, in the late nineteenth century. Early twentieth century plates varied in size and shape from one jurisdiction to the next, such that if a person moved, new holes would need to be",[],[]
vehicle,136,drilled,no,"A vehicle registration plate is a metal or plastic plate attached to a vehicle for official identification purposes. All countries require registration plates for road vehicles such as cars, trucks, and motorcycles. Whether they are required for other vehicles, such as bicycles, boats, or tractors, may vary by jurisdiction. The registration identifier is a series of letters and digits that uniquely identifies the vehicle owner within the issuing region's vehicle register. In some countries, the identifier is unique within the entire country, while in others it is unique within a state or province. France was the first country to introduce the registration plate, in the late nineteenth century. Early twentieth century plates varied in size and shape from one jurisdiction to the next, such that if a person moved, new holes would need to be drilled",[],[]
vehicle,137,into,no,"A vehicle registration plate is a metal or plastic plate attached to a vehicle for official identification purposes. All countries require registration plates for road vehicles such as cars, trucks, and motorcycles. Whether they are required for other vehicles, such as bicycles, boats, or tractors, may vary by jurisdiction. The registration identifier is a series of letters and digits that uniquely identifies the vehicle owner within the issuing region's vehicle register. In some countries, the identifier is unique within the entire country, while in others it is unique within a state or province. France was the first country to introduce the registration plate, in the late nineteenth century. Early twentieth century plates varied in size and shape from one jurisdiction to the next, such that if a person moved, new holes would need to be drilled into",[],[]
vehicle,138,the,no,"A vehicle registration plate is a metal or plastic plate attached to a vehicle for official identification purposes. All countries require registration plates for road vehicles such as cars, trucks, and motorcycles. Whether they are required for other vehicles, such as bicycles, boats, or tractors, may vary by jurisdiction. The registration identifier is a series of letters and digits that uniquely identifies the vehicle owner within the issuing region's vehicle register. In some countries, the identifier is unique within the entire country, while in others it is unique within a state or province. France was the first country to introduce the registration plate, in the late nineteenth century. Early twentieth century plates varied in size and shape from one jurisdiction to the next, such that if a person moved, new holes would need to be drilled into the",[],[]
vehicle,139,automobile,no,"A vehicle registration plate is a metal or plastic plate attached to a vehicle for official identification purposes. All countries require registration plates for road vehicles such as cars, trucks, and motorcycles. Whether they are required for other vehicles, such as bicycles, boats, or tractors, may vary by jurisdiction. The registration identifier is a series of letters and digits that uniquely identifies the vehicle owner within the issuing region's vehicle register. In some countries, the identifier is unique within the entire country, while in others it is unique within a state or province. France was the first country to introduce the registration plate, in the late nineteenth century. Early twentieth century plates varied in size and shape from one jurisdiction to the next, such that if a person moved, new holes would need to be drilled into the automobile",[],[]
vehicle,140,to,no,"A vehicle registration plate is a metal or plastic plate attached to a vehicle for official identification purposes. All countries require registration plates for road vehicles such as cars, trucks, and motorcycles. Whether they are required for other vehicles, such as bicycles, boats, or tractors, may vary by jurisdiction. The registration identifier is a series of letters and digits that uniquely identifies the vehicle owner within the issuing region's vehicle register. In some countries, the identifier is unique within the entire country, while in others it is unique within a state or province. France was the first country to introduce the registration plate, in the late nineteenth century. Early twentieth century plates varied in size and shape from one jurisdiction to the next, such that if a person moved, new holes would need to be drilled into the automobile to",[],[]
vehicle,141,support,yes,"A vehicle registration plate is a metal or plastic plate attached to a vehicle for official identification purposes. All countries require registration plates for road vehicles such as cars, trucks, and motorcycles. Whether they are required for other vehicles, such as bicycles, boats, or tractors, may vary by jurisdiction. The registration identifier is a series of letters and digits that uniquely identifies the vehicle owner within the issuing region's vehicle register. In some countries, the identifier is unique within the entire country, while in others it is unique within a state or province. France was the first country to introduce the registration plate, in the late nineteenth century. Early twentieth century plates varied in size and shape from one jurisdiction to the next, such that if a person moved, new holes would need to be drilled into the automobile to support","[('Vehicle registration plates of France | France', 'country', 'France | the first country to introduce the registration plate')]",[0.8500000238418579]
vehicle,142,the,yes,"A vehicle registration plate is a metal or plastic plate attached to a vehicle for official identification purposes. All countries require registration plates for road vehicles such as cars, trucks, and motorcycles. Whether they are required for other vehicles, such as bicycles, boats, or tractors, may vary by jurisdiction. The registration identifier is a series of letters and digits that uniquely identifies the vehicle owner within the issuing region's vehicle register. In some countries, the identifier is unique within the entire country, while in others it is unique within a state or province. France was the first country to introduce the registration plate, in the late nineteenth century. Early twentieth century plates varied in size and shape from one jurisdiction to the next, such that if a person moved, new holes would need to be drilled into the automobile to support the",[],[]
vehicle,143,new,no,"A vehicle registration plate is a metal or plastic plate attached to a vehicle for official identification purposes. All countries require registration plates for road vehicles such as cars, trucks, and motorcycles. Whether they are required for other vehicles, such as bicycles, boats, or tractors, may vary by jurisdiction. The registration identifier is a series of letters and digits that uniquely identifies the vehicle owner within the issuing region's vehicle register. In some countries, the identifier is unique within the entire country, while in others it is unique within a state or province. France was the first country to introduce the registration plate, in the late nineteenth century. Early twentieth century plates varied in size and shape from one jurisdiction to the next, such that if a person moved, new holes would need to be drilled into the automobile to support the new",[],[]
vehicle,144,plate.,no,"A vehicle registration plate is a metal or plastic plate attached to a vehicle for official identification purposes. All countries require registration plates for road vehicles such as cars, trucks, and motorcycles. Whether they are required for other vehicles, such as bicycles, boats, or tractors, may vary by jurisdiction. The registration identifier is a series of letters and digits that uniquely identifies the vehicle owner within the issuing region's vehicle register. In some countries, the identifier is unique within the entire country, while in others it is unique within a state or province. France was the first country to introduce the registration plate, in the late nineteenth century. Early twentieth century plates varied in size and shape from one jurisdiction to the next, such that if a person moved, new holes would need to be drilled into the automobile to support the new plate.",[],[]
vehicle,145,Standardization,no,"A vehicle registration plate is a metal or plastic plate attached to a vehicle for official identification purposes. All countries require registration plates for road vehicles such as cars, trucks, and motorcycles. Whether they are required for other vehicles, such as bicycles, boats, or tractors, may vary by jurisdiction. The registration identifier is a series of letters and digits that uniquely identifies the vehicle owner within the issuing region's vehicle register. In some countries, the identifier is unique within the entire country, while in others it is unique within a state or province. France was the first country to introduce the registration plate, in the late nineteenth century. Early twentieth century plates varied in size and shape from one jurisdiction to the next, such that if a person moved, new holes would need to be drilled into the automobile to support the new plate. Standardization",[],[]
vehicle,146,of,no,"A vehicle registration plate is a metal or plastic plate attached to a vehicle for official identification purposes. All countries require registration plates for road vehicles such as cars, trucks, and motorcycles. Whether they are required for other vehicles, such as bicycles, boats, or tractors, may vary by jurisdiction. The registration identifier is a series of letters and digits that uniquely identifies the vehicle owner within the issuing region's vehicle register. In some countries, the identifier is unique within the entire country, while in others it is unique within a state or province. France was the first country to introduce the registration plate, in the late nineteenth century. Early twentieth century plates varied in size and shape from one jurisdiction to the next, such that if a person moved, new holes would need to be drilled into the automobile to support the new plate. Standardization of",[],[]
vehicle,147,plates,no,"A vehicle registration plate is a metal or plastic plate attached to a vehicle for official identification purposes. All countries require registration plates for road vehicles such as cars, trucks, and motorcycles. Whether they are required for other vehicles, such as bicycles, boats, or tractors, may vary by jurisdiction. The registration identifier is a series of letters and digits that uniquely identifies the vehicle owner within the issuing region's vehicle register. In some countries, the identifier is unique within the entire country, while in others it is unique within a state or province. France was the first country to introduce the registration plate, in the late nineteenth century. Early twentieth century plates varied in size and shape from one jurisdiction to the next, such that if a person moved, new holes would need to be drilled into the automobile to support the new plate. Standardization of plates",[],[]
vehicle,148,came,no,"A vehicle registration plate is a metal or plastic plate attached to a vehicle for official identification purposes. All countries require registration plates for road vehicles such as cars, trucks, and motorcycles. Whether they are required for other vehicles, such as bicycles, boats, or tractors, may vary by jurisdiction. The registration identifier is a series of letters and digits that uniquely identifies the vehicle owner within the issuing region's vehicle register. In some countries, the identifier is unique within the entire country, while in others it is unique within a state or province. France was the first country to introduce the registration plate, in the late nineteenth century. Early twentieth century plates varied in size and shape from one jurisdiction to the next, such that if a person moved, new holes would need to be drilled into the automobile to support the new plate. Standardization of plates came",[],[]
vehicle,149,in,no,"A vehicle registration plate is a metal or plastic plate attached to a vehicle for official identification purposes. All countries require registration plates for road vehicles such as cars, trucks, and motorcycles. Whether they are required for other vehicles, such as bicycles, boats, or tractors, may vary by jurisdiction. The registration identifier is a series of letters and digits that uniquely identifies the vehicle owner within the issuing region's vehicle register. In some countries, the identifier is unique within the entire country, while in others it is unique within a state or province. France was the first country to introduce the registration plate, in the late nineteenth century. Early twentieth century plates varied in size and shape from one jurisdiction to the next, such that if a person moved, new holes would need to be drilled into the automobile to support the new plate. Standardization of plates came in",[],[]
vehicle,150,the,no,"A vehicle registration plate is a metal or plastic plate attached to a vehicle for official identification purposes. All countries require registration plates for road vehicles such as cars, trucks, and motorcycles. Whether they are required for other vehicles, such as bicycles, boats, or tractors, may vary by jurisdiction. The registration identifier is a series of letters and digits that uniquely identifies the vehicle owner within the issuing region's vehicle register. In some countries, the identifier is unique within the entire country, while in others it is unique within a state or province. France was the first country to introduce the registration plate, in the late nineteenth century. Early twentieth century plates varied in size and shape from one jurisdiction to the next, such that if a person moved, new holes would need to be drilled into the automobile to support the new plate. Standardization of plates came in the",[],[]
vehicle,151,late,no,"A vehicle registration plate is a metal or plastic plate attached to a vehicle for official identification purposes. All countries require registration plates for road vehicles such as cars, trucks, and motorcycles. Whether they are required for other vehicles, such as bicycles, boats, or tractors, may vary by jurisdiction. The registration identifier is a series of letters and digits that uniquely identifies the vehicle owner within the issuing region's vehicle register. In some countries, the identifier is unique within the entire country, while in others it is unique within a state or province. France was the first country to introduce the registration plate, in the late nineteenth century. Early twentieth century plates varied in size and shape from one jurisdiction to the next, such that if a person moved, new holes would need to be drilled into the automobile to support the new plate. Standardization of plates came in the late",[],[]
vehicle,152,"fifties,",no,"A vehicle registration plate is a metal or plastic plate attached to a vehicle for official identification purposes. All countries require registration plates for road vehicles such as cars, trucks, and motorcycles. Whether they are required for other vehicles, such as bicycles, boats, or tractors, may vary by jurisdiction. The registration identifier is a series of letters and digits that uniquely identifies the vehicle owner within the issuing region's vehicle register. In some countries, the identifier is unique within the entire country, while in others it is unique within a state or province. France was the first country to introduce the registration plate, in the late nineteenth century. Early twentieth century plates varied in size and shape from one jurisdiction to the next, such that if a person moved, new holes would need to be drilled into the automobile to support the new plate. Standardization of plates came in the late fifties,",[],[]
vehicle,153,when,no,"A vehicle registration plate is a metal or plastic plate attached to a vehicle for official identification purposes. All countries require registration plates for road vehicles such as cars, trucks, and motorcycles. Whether they are required for other vehicles, such as bicycles, boats, or tractors, may vary by jurisdiction. The registration identifier is a series of letters and digits that uniquely identifies the vehicle owner within the issuing region's vehicle register. In some countries, the identifier is unique within the entire country, while in others it is unique within a state or province. France was the first country to introduce the registration plate, in the late nineteenth century. Early twentieth century plates varied in size and shape from one jurisdiction to the next, such that if a person moved, new holes would need to be drilled into the automobile to support the new plate. Standardization of plates came in the late fifties, when",[],[]
vehicle,154,automobile,no,"A vehicle registration plate is a metal or plastic plate attached to a vehicle for official identification purposes. All countries require registration plates for road vehicles such as cars, trucks, and motorcycles. Whether they are required for other vehicles, such as bicycles, boats, or tractors, may vary by jurisdiction. The registration identifier is a series of letters and digits that uniquely identifies the vehicle owner within the issuing region's vehicle register. In some countries, the identifier is unique within the entire country, while in others it is unique within a state or province. France was the first country to introduce the registration plate, in the late nineteenth century. Early twentieth century plates varied in size and shape from one jurisdiction to the next, such that if a person moved, new holes would need to be drilled into the automobile to support the new plate. Standardization of plates came in the late fifties, when automobile",[],[]
vehicle,155,manufacturers,no,"A vehicle registration plate is a metal or plastic plate attached to a vehicle for official identification purposes. All countries require registration plates for road vehicles such as cars, trucks, and motorcycles. Whether they are required for other vehicles, such as bicycles, boats, or tractors, may vary by jurisdiction. The registration identifier is a series of letters and digits that uniquely identifies the vehicle owner within the issuing region's vehicle register. In some countries, the identifier is unique within the entire country, while in others it is unique within a state or province. France was the first country to introduce the registration plate, in the late nineteenth century. Early twentieth century plates varied in size and shape from one jurisdiction to the next, such that if a person moved, new holes would need to be drilled into the automobile to support the new plate. Standardization of plates came in the late fifties, when automobile manufacturers",[],[]
vehicle,156,came,no,"A vehicle registration plate is a metal or plastic plate attached to a vehicle for official identification purposes. All countries require registration plates for road vehicles such as cars, trucks, and motorcycles. Whether they are required for other vehicles, such as bicycles, boats, or tractors, may vary by jurisdiction. The registration identifier is a series of letters and digits that uniquely identifies the vehicle owner within the issuing region's vehicle register. In some countries, the identifier is unique within the entire country, while in others it is unique within a state or province. France was the first country to introduce the registration plate, in the late nineteenth century. Early twentieth century plates varied in size and shape from one jurisdiction to the next, such that if a person moved, new holes would need to be drilled into the automobile to support the new plate. Standardization of plates came in the late fifties, when automobile manufacturers came",[],[]
vehicle,157,to,no,"A vehicle registration plate is a metal or plastic plate attached to a vehicle for official identification purposes. All countries require registration plates for road vehicles such as cars, trucks, and motorcycles. Whether they are required for other vehicles, such as bicycles, boats, or tractors, may vary by jurisdiction. The registration identifier is a series of letters and digits that uniquely identifies the vehicle owner within the issuing region's vehicle register. In some countries, the identifier is unique within the entire country, while in others it is unique within a state or province. France was the first country to introduce the registration plate, in the late nineteenth century. Early twentieth century plates varied in size and shape from one jurisdiction to the next, such that if a person moved, new holes would need to be drilled into the automobile to support the new plate. Standardization of plates came in the late fifties, when automobile manufacturers came to",[],[]
vehicle,158,an,no,"A vehicle registration plate is a metal or plastic plate attached to a vehicle for official identification purposes. All countries require registration plates for road vehicles such as cars, trucks, and motorcycles. Whether they are required for other vehicles, such as bicycles, boats, or tractors, may vary by jurisdiction. The registration identifier is a series of letters and digits that uniquely identifies the vehicle owner within the issuing region's vehicle register. In some countries, the identifier is unique within the entire country, while in others it is unique within a state or province. France was the first country to introduce the registration plate, in the late nineteenth century. Early twentieth century plates varied in size and shape from one jurisdiction to the next, such that if a person moved, new holes would need to be drilled into the automobile to support the new plate. Standardization of plates came in the late fifties, when automobile manufacturers came to an",[],[]
vehicle,159,agreement,no,"A vehicle registration plate is a metal or plastic plate attached to a vehicle for official identification purposes. All countries require registration plates for road vehicles such as cars, trucks, and motorcycles. Whether they are required for other vehicles, such as bicycles, boats, or tractors, may vary by jurisdiction. The registration identifier is a series of letters and digits that uniquely identifies the vehicle owner within the issuing region's vehicle register. In some countries, the identifier is unique within the entire country, while in others it is unique within a state or province. France was the first country to introduce the registration plate, in the late nineteenth century. Early twentieth century plates varied in size and shape from one jurisdiction to the next, such that if a person moved, new holes would need to be drilled into the automobile to support the new plate. Standardization of plates came in the late fifties, when automobile manufacturers came to an agreement",[],[]
vehicle,160,with,no,"A vehicle registration plate is a metal or plastic plate attached to a vehicle for official identification purposes. All countries require registration plates for road vehicles such as cars, trucks, and motorcycles. Whether they are required for other vehicles, such as bicycles, boats, or tractors, may vary by jurisdiction. The registration identifier is a series of letters and digits that uniquely identifies the vehicle owner within the issuing region's vehicle register. In some countries, the identifier is unique within the entire country, while in others it is unique within a state or province. France was the first country to introduce the registration plate, in the late nineteenth century. Early twentieth century plates varied in size and shape from one jurisdiction to the next, such that if a person moved, new holes would need to be drilled into the automobile to support the new plate. Standardization of plates came in the late fifties, when automobile manufacturers came to an agreement with",[],[]
vehicle,161,governments,no,"A vehicle registration plate is a metal or plastic plate attached to a vehicle for official identification purposes. All countries require registration plates for road vehicles such as cars, trucks, and motorcycles. Whether they are required for other vehicles, such as bicycles, boats, or tractors, may vary by jurisdiction. The registration identifier is a series of letters and digits that uniquely identifies the vehicle owner within the issuing region's vehicle register. In some countries, the identifier is unique within the entire country, while in others it is unique within a state or province. France was the first country to introduce the registration plate, in the late nineteenth century. Early twentieth century plates varied in size and shape from one jurisdiction to the next, such that if a person moved, new holes would need to be drilled into the automobile to support the new plate. Standardization of plates came in the late fifties, when automobile manufacturers came to an agreement with governments",[],[]
vehicle,162,and,no,"A vehicle registration plate is a metal or plastic plate attached to a vehicle for official identification purposes. All countries require registration plates for road vehicles such as cars, trucks, and motorcycles. Whether they are required for other vehicles, such as bicycles, boats, or tractors, may vary by jurisdiction. The registration identifier is a series of letters and digits that uniquely identifies the vehicle owner within the issuing region's vehicle register. In some countries, the identifier is unique within the entire country, while in others it is unique within a state or province. France was the first country to introduce the registration plate, in the late nineteenth century. Early twentieth century plates varied in size and shape from one jurisdiction to the next, such that if a person moved, new holes would need to be drilled into the automobile to support the new plate. Standardization of plates came in the late fifties, when automobile manufacturers came to an agreement with governments and",[],[]
vehicle,163,international,no,"A vehicle registration plate is a metal or plastic plate attached to a vehicle for official identification purposes. All countries require registration plates for road vehicles such as cars, trucks, and motorcycles. Whether they are required for other vehicles, such as bicycles, boats, or tractors, may vary by jurisdiction. The registration identifier is a series of letters and digits that uniquely identifies the vehicle owner within the issuing region's vehicle register. In some countries, the identifier is unique within the entire country, while in others it is unique within a state or province. France was the first country to introduce the registration plate, in the late nineteenth century. Early twentieth century plates varied in size and shape from one jurisdiction to the next, such that if a person moved, new holes would need to be drilled into the automobile to support the new plate. Standardization of plates came in the late fifties, when automobile manufacturers came to an agreement with governments and international",[],[]
vehicle,164,organizations.,no,"A vehicle registration plate is a metal or plastic plate attached to a vehicle for official identification purposes. All countries require registration plates for road vehicles such as cars, trucks, and motorcycles. Whether they are required for other vehicles, such as bicycles, boats, or tractors, may vary by jurisdiction. The registration identifier is a series of letters and digits that uniquely identifies the vehicle owner within the issuing region's vehicle register. In some countries, the identifier is unique within the entire country, while in others it is unique within a state or province. France was the first country to introduce the registration plate, in the late nineteenth century. Early twentieth century plates varied in size and shape from one jurisdiction to the next, such that if a person moved, new holes would need to be drilled into the automobile to support the new plate. Standardization of plates came in the late fifties, when automobile manufacturers came to an agreement with governments and international organizations.",[],[]
